{"_step":2,"_wandb":{"runtime":742},"Accuracy":24,"Train loss":2.15,"_timestamp":1.744963873544357e+09,"_runtime":576.286827}