{"_runtime":185.553569,"_step":0,"Accuracy":15.25,"Train loss":2.27,"_wandb":{"runtime":185},"_timestamp":1.744962941835511e+09}