{"_wandb":{"runtime":2189},"Accuracy":30.7,"Train loss":2.2,"_timestamp":1.7449662331618109e+09,"_runtime":2183.302795,"_step":8}