{"_wandb":{"runtime":178},"Accuracy":19.05,"Train loss":2.22,"_timestamp":1.7449596071418712e+09,"_runtime":159.419428,"_step":0}